{
    "position":
    {
        "x": 0.0381294703768,
        "y":-0.0324727354929,
        "z": 0.0
    },
    "orientation":
    {
        "x": 0.0,
        "y": 0.0,
        "z": -0.980085151293,
        "w": 0.198577683072
    }
}
