{
    "position":
    {
        "x": 4.75728073923,
        "y":-4.55001772633,
        "z": 0.0
    },
    "orientation":
    {
        "x": 0.0,
        "y": 0.0,
        "z": 0.884645969094,
        "w": 0.466263347653
    }
}
