{
    "position":
    {
        "x": 0.853459670053,
        "y": 0.0965455094347,
        "z": 0.0
    },
    "orientation":
    {
        "x": 0.0,
        "y": 0.0,
        "z": 0.571115839671,
        "w": 0.820869476639
    }
}
