{
    "position":
    {
        "x": 4.62748080761,
        "y": -0.118713700249,
        "z": 0.0
    },
    "orientation":
    {
        "x": 0.0,
        "y": 0.0,
        "z": -0.486646856823,
        "w": 0.873598784766
    }
}
