{
    "position":
    {
       
        "x":-0.15,          
        "y":0.05,            
        "z": 0.0
    },
    "orientation":
    {
        "x": 0.0,
        "y": 0.0,
        "z": 0.999999293143,
        "w": 0.00118899705528
    }
}
