{
    "position":
    {
        "x": 3.10255448071,
        "y": -4.1581856733,
        "z": 0.0
    },
    "orientation":
    {
        "x": 0.0,
        "y": 0.0,
        "z": -0.875727239801,
        "w": 0.482806173811
    }
}
