{
    "position":
    {
        "x": 3.10255448071,
        "y": -4.1581856733,
        "z": 0.0
    },
    "orientation":
    {
        "x": 0.0,
        "y": 0.0,
        "z": 0.713822401855,
        "w": 0.700326765596
    }
}
