{
    "position":
    {
        "x": 5.09272016549,
        "y":-2.92300322416,
        "z": 0.0
    },
    "orientation":
    {
        "x": 0.0,
        "y": 0.0,
        "z":0.848586284334,
        "w":0.529057008309
    }
}
