{
    "position":
    {
        "x": 0.879777684059,
        "y": -1.88751815932,
        "z": 0.0
    },
    "orientation":
    {
        "x": 0.0,
        "y": 0.0,
        "z": 0.830002226524,
        "w": 0.557760077422
    }
}
