{
    "position":
    {
        "x": 2.91955318481,
        "y": -0.311060887559,
        "z": 0.0
    },
    "orientation":
    {
        "x": 0.0,
        "y": 0.0,
        "z": 0.607465101174,
        "w": 0.794346367056
    }
}
