{
    "position":
    {
        "x": 1.00058176828,
        "y":-2.90071230421,
        "z": 0.0
    },
    "orientation":
    {
        "x": 0.0,
        "y": 0.0,
        "z": -0.394651682793,
        "w": 0.918830805572
    }
}
