{
    "position":
    {
        "x": 3.10255448071,
        "y": -3.1081856733,
        "z": 0.0
    },
    "orientation":
    {
        "x": 0.0,
        "y": 0.0,
        "z": -0.955687900381,
        "w": 0.29438178793
    }
}
