{
    "position":
    {
        "x": 2.91955318481,
        "y":  -0.311060887559,
        "z": 0.0
    },
    "orientation":
    {
        "x": 0.0,
        "y": 0.0,
        "z": -0.394651682793,
        "w": 0.918830805572
    }
}
