{
    "position":
    {
        "x": 4.95257714896,
        "y":-1.59978693145,
        "z": 0.0
    },
    "orientation":
    {
        "x": 0.0,
        "y": 0.0,
        "z": 0.984694769501,
        "w": 0.17428772452
    }
}
