{
    "position":
    {
        "x": 1.26932835447,
        "y": -4.76836926136,
        "z": 0.0
    },
    "orientation":
    {
        "x": 0.0,
        "y": 0.0,
        "z": -0.256229986724,
        "w": 0.966615846085
    }
}
