{
    "position":
    {
        "x": 2.9659054586,
        "y": -0.00703607431121,
        "z": 0.0
    },
    "orientation":
    {
        "x": 0.0,
        "y": 0.0,
        "z":0.880848990592,
        "w": 0.473397355054
    }
}
