{
    "position":
    {
        "x": 2.91955318481,
        "y": -0.311060887559,
        "z": 0.0
    },
    "orientation":
    {
        "x": 0.0,
        "y": 0.0,
        "z": -0.695795668409,
        "w": 0.71823978435
    }
}
