{
    "position":
    {
        "x": 4.75728073923,
        "y":-4.55001772633,
        "z": 0.0
    },
    "orientation":
    {
        "x": 0.0,
        "y": 0.0,
        "z": -0.955687900381,
        "w": 0.29438178793
    }
}
