{
    "position":
    {
        "x": 1.00058176828,
        "y":-2.90071230421,
        "z": 0.0
    },
    "orientation":
    {
        "x": 0.0,
        "y": 0.0,
        "z": -0.695795668409,
        "w": 0.71823978435
    }
}
