{
    "position":
    {
        "x": 2.91162447731,
        "y":-1.69486408079,
        "z": 0.0
    },
    "orientation":
    {
        "x": 0.0,
        "y": 0.0,
        "z": 0.984694769501,
        "w": 0.17428772452
    }
}
