{
    "position":
    {
        "x": 3.10255448071,
        "y": -4.1581856733,
        "z": 0.0
    },
    "orientation":
    {
        "x": 0.0,
        "y": 0.0,
        "z": -0.394651682793,
        "w": 0.918830805572
    }
}
