{
    "position":
    {
        "x": 0.929777684059,
        "y":-0.461060887559,
        "z": 0.0
    },
    "orientation":
    {
        "x": 0.0,
        "y": 0.0,
        "z": -0.695795668409,
        "w": 0.71823978435
    }
}
