{
    "position":
    {
        "x": 4.62748080761,
        "y": -0.118713700249,
        "z": 0.0
    },
    "orientation":
    {
        "x": 0.0,
        "y": 0.0,
        "z": -0.845796537868,
        "w": 0.533505591846
    }
}
