{
    "position":
    {
        "x":5.01931606506,
        "y":-3.09451472435,
        "z": 0.0
    },
    "orientation":
    {
        "x": 0.0,
        "y": 0.0,
        "z":-0.99538502414,
        "w": 0.0959617304867
    }
}
