{
    "position":
    {
        "x": 1.00058176828,
        "y":-2.13071230421,
        "z": 0.0
    },
    "orientation":
    {
        "x": 0.0,
        "y": 0.0,
        "z": 0.974707696003,
        "w": 0.223483572892
    }
}
