{
    "position":
    {
        "x": 0.635718819709,
        "y": 0.035700525943,
        "z": 0.0
    },
    "orientation":
    {
        "x": 0.0,
        "y": 0.0,
        "z": 0.992330772624,
        "w": 0.123610831661
    }
}
